"","H","L","S","B","n","C"
"1",1,0.1,40,1,1,0
"2",2,0.1,40,1,1,0
"3",1,0.2,40,1,1,0
"4",2,0.2,40,1,1,0.25
"5",1,0.3,40,1,1,0.142857142857143
"6",2,0.3,40,1,1,0.214285714285714
"7",1,0.4,40,1,1,0.222222222222222
"8",2,0.4,40,1,1,0.166666666666667
"9",1,0.5,40,1,1,0.666666666666667
"10",2,0.5,40,1,1,0.583333333333333
"11",1,0.6,40,1,1,0.724137931034483
"12",2,0.6,40,1,1,1.10344827586207
"13",1,0.7,40,1,1,0.945945945945946
"14",2,0.7,40,1,1,1.56756756756757
"15",1,0.8,40,1,1,1.19512195121951
"16",2,0.8,40,1,1,1.65853658536585
"17",1,0.9,40,1,1,1.34782608695652
"18",2,0.9,40,1,1,3.1304347826087
"19",1,0.1,40,2,1,0
"20",2,0.1,40,2,1,0
"21",1,0.2,40,2,1,0.111111111111111
"22",2,0.2,40,2,1,0
"23",1,0.3,40,2,1,0.0666666666666667
"24",2,0.3,40,2,1,0.0666666666666667
"25",1,0.4,40,2,1,0.166666666666667
"26",2,0.4,40,2,1,0.166666666666667
"27",1,0.5,40,2,1,0.227272727272727
"28",2,0.5,40,2,1,0.136363636363636
"29",1,0.6,40,2,1,0.5
"30",2,0.6,40,2,1,0.166666666666667
"31",1,0.7,40,2,1,0.615384615384615
"32",2,0.7,40,2,1,0.435897435897436
"33",1,0.8,40,2,1,0.627906976744186
"34",2,0.8,40,2,1,0.720930232558139
"35",1,0.9,40,2,1,1.30612244897959
"36",2,0.9,40,2,1,1.08163265306122
"37",1,0.1,40,1,2,0.25
"38",2,0.1,40,1,2,0
"39",1,0.2,40,1,2,0
"40",2,0.2,40,1,2,0
"41",1,0.3,40,1,2,0.2
"42",2,0.3,40,1,2,0.466666666666667
"43",1,0.4,40,1,2,0.285714285714286
"44",2,0.4,40,1,2,0.0476190476190476
"45",1,0.5,40,1,2,0.230769230769231
"46",2,0.5,40,1,2,0.115384615384615
"47",1,0.6,40,1,2,0.379310344827586
"48",2,0.6,40,1,2,0.275862068965517
"49",1,0.7,40,1,2,0.666666666666667
"50",2,0.7,40,1,2,1.18181818181818
"51",1,0.8,40,1,2,1.33333333333333
"52",2,0.8,40,1,2,1.38461538461538
"53",1,0.9,40,1,2,1.97560975609756
"54",2,0.9,40,1,2,2.4390243902439
"55",1,0.1,40,2,2,0
"56",2,0.1,40,2,2,0
"57",1,0.2,40,2,2,0
"58",2,0.2,40,2,2,0.125
"59",1,0.3,40,2,2,0
"60",2,0.3,40,2,2,0.1
"61",1,0.4,40,2,2,0.285714285714286
"62",2,0.4,40,2,2,0.285714285714286
"63",1,0.5,40,2,2,0.434782608695652
"64",2,0.5,40,2,2,0.521739130434783
"65",1,0.6,40,2,2,0.828571428571429
"66",2,0.6,40,2,2,0.6
"67",1,0.7,40,2,2,0.613636363636364
"68",2,0.7,40,2,2,0.636363636363636
"69",1,0.8,40,2,2,1.6530612244898
"70",2,0.8,40,2,2,0.775510204081633
"71",1,0.9,40,2,2,2.69230769230769
"72",2,0.9,40,2,2,1.28846153846154
"73",1,0.1,40,1,3,0
"74",2,0.1,40,1,3,0
"75",1,0.2,40,1,3,0.2
"76",2,0.2,40,1,3,0.1
"77",1,0.3,40,1,3,0.0625
"78",2,0.3,40,1,3,0
"79",1,0.4,40,1,3,0.277777777777778
"80",2,0.4,40,1,3,0.166666666666667
"81",1,0.5,40,1,3,0.45
"82",2,0.5,40,1,3,0.45
"83",1,0.6,40,1,3,0.925925925925926
"84",2,0.6,40,1,3,0.777777777777778
"85",1,0.7,40,1,3,1.19354838709677
"86",2,0.7,40,1,3,1.54838709677419
"87",1,0.8,40,1,3,1.57142857142857
"88",2,0.8,40,1,3,1
"89",1,0.9,40,1,3,2.11904761904762
"90",2,0.9,40,1,3,1.4047619047619
"91",1,0.1,40,2,3,0
"92",2,0.1,40,2,3,0
"93",1,0.2,40,2,3,0
"94",2,0.2,40,2,3,0
"95",1,0.3,40,2,3,0.230769230769231
"96",2,0.3,40,2,3,0.615384615384615
"97",1,0.4,40,2,3,0.318181818181818
"98",2,0.4,40,2,3,0.318181818181818
"99",1,0.5,40,2,3,0.294117647058824
"100",2,0.5,40,2,3,0.764705882352941
"101",1,0.6,40,2,3,0.457142857142857
"102",2,0.6,40,2,3,0.771428571428571
"103",1,0.7,40,2,3,0.314285714285714
"104",2,0.7,40,2,3,0.742857142857143
"105",1,0.8,40,2,3,0.578947368421053
"106",2,0.8,40,2,3,1.18421052631579
"107",1,0.9,40,2,3,2.575
"108",2,0.9,40,2,3,1.5
"109",1,0.1,40,1,4,0
"110",2,0.1,40,1,4,0
"111",1,0.2,40,1,4,0.1
"112",2,0.2,40,1,4,0
"113",1,0.3,40,1,4,0.0769230769230769
"114",2,0.3,40,1,4,0.0769230769230769
"115",1,0.4,40,1,4,0.470588235294118
"116",2,0.4,40,1,4,0.411764705882353
"117",1,0.5,40,1,4,0.714285714285714
"118",2,0.5,40,1,4,0.238095238095238
"119",1,0.6,40,1,4,0.444444444444444
"120",2,0.6,40,1,4,0.518518518518518
"121",1,0.7,40,1,4,1.74193548387097
"122",2,0.7,40,1,4,1.32258064516129
"123",1,0.8,40,1,4,2.71052631578947
"124",2,0.8,40,1,4,1.05263157894737
"125",1,0.9,40,1,4,2.34782608695652
"126",2,0.9,40,1,4,1.23913043478261
"127",1,0.1,40,2,4,0
"128",2,0.1,40,2,4,0
"129",1,0.2,40,2,4,0.125
"130",2,0.2,40,2,4,0
"131",1,0.3,40,2,4,0.173913043478261
"132",2,0.3,40,2,4,0.608695652173913
"133",1,0.4,40,2,4,0.269230769230769
"134",2,0.4,40,2,4,0.5
"135",1,0.5,40,2,4,0.291666666666667
"136",2,0.5,40,2,4,0.333333333333333
"137",1,0.6,40,2,4,0.192307692307692
"138",2,0.6,40,2,4,0.653846153846154
"139",1,0.7,40,2,4,1.96774193548387
"140",2,0.7,40,2,4,1.61290322580645
"141",1,0.8,40,2,4,1.64864864864865
"142",2,0.8,40,2,4,2.7027027027027
"143",1,0.9,40,2,4,1.90384615384615
"144",2,0.9,40,2,4,1.84615384615385
"145",1,0.1,40,1,5,0.25
"146",2,0.1,40,1,5,0
"147",1,0.2,40,1,5,0.125
"148",2,0.2,40,1,5,0
"149",1,0.3,40,1,5,0.384615384615385
"150",2,0.3,40,1,5,0.538461538461538
"151",1,0.4,40,1,5,0.5625
"152",2,0.4,40,1,5,0.1875
"153",1,0.5,40,1,5,0.304347826086957
"154",2,0.5,40,1,5,0.521739130434783
"155",1,0.6,40,1,5,1.89285714285714
"156",2,0.6,40,1,5,0.785714285714286
"157",1,0.7,40,1,5,1.10810810810811
"158",2,0.7,40,1,5,1.10810810810811
"159",1,0.8,40,1,5,2.25
"160",2,0.8,40,1,5,0.863636363636364
"161",1,0.9,40,1,5,2.10869565217391
"162",2,0.9,40,1,5,1.26086956521739
"163",1,0.1,40,2,5,0
"164",2,0.1,40,2,5,0
"165",1,0.2,40,2,5,0.125
"166",2,0.2,40,2,5,0.25
"167",1,0.3,40,2,5,0.1
"168",2,0.3,40,2,5,0.55
"169",1,0.4,40,2,5,0.111111111111111
"170",2,0.4,40,2,5,0.222222222222222
"171",1,0.5,40,2,5,0.428571428571429
"172",2,0.5,40,2,5,0.80952380952381
"173",1,0.6,40,2,5,0.96
"174",2,0.6,40,2,5,1.92
"175",1,0.7,40,2,5,0.863636363636364
"176",2,0.7,40,2,5,0.772727272727273
"177",1,0.8,40,2,5,0.911111111111111
"178",2,0.8,40,2,5,0.755555555555556
"179",1,0.9,40,2,5,1.91489361702128
"180",2,0.9,40,2,5,2.72340425531915
"181",1,0.1,40,1,6,0.25
"182",2,0.1,40,1,6,0
"183",1,0.2,40,1,6,0.125
"184",2,0.2,40,1,6,0
"185",1,0.3,40,1,6,0.538461538461538
"186",2,0.3,40,1,6,0
"187",1,0.4,40,1,6,0.117647058823529
"188",2,0.4,40,1,6,0.588235294117647
"189",1,0.5,40,1,6,0.5
"190",2,0.5,40,1,6,0.333333333333333
"191",1,0.6,40,1,6,1.4
"192",2,0.6,40,1,6,0.8
"193",1,0.7,40,1,6,1.45945945945946
"194",2,0.7,40,1,6,0.891891891891892
"195",1,0.8,40,1,6,1.33333333333333
"196",2,0.8,40,1,6,0.743589743589744
"197",1,0.9,40,1,6,2.53658536585366
"198",2,0.9,40,1,6,1.73170731707317
"199",1,0.1,40,2,6,0
"200",2,0.1,40,2,6,0
"201",1,0.2,40,2,6,0.181818181818182
"202",2,0.2,40,2,6,0.363636363636364
"203",1,0.3,40,2,6,0.133333333333333
"204",2,0.3,40,2,6,0.2
"205",1,0.4,40,2,6,0.0625
"206",2,0.4,40,2,6,0.6875
"207",1,0.5,40,2,6,0.619047619047619
"208",2,0.5,40,2,6,1
"209",1,0.6,40,2,6,0.540540540540541
"210",2,0.6,40,2,6,0.324324324324324
"211",1,0.7,40,2,6,0.484848484848485
"212",2,0.7,40,2,6,1.12121212121212
"213",1,0.8,40,2,6,2.24390243902439
"214",2,0.8,40,2,6,1.51219512195122
"215",1,0.9,40,2,6,2.37777777777778
"216",2,0.9,40,2,6,1.11111111111111
"217",1,0.1,40,1,7,0
"218",2,0.1,40,1,7,0
"219",1,0.2,40,1,7,0.25
"220",2,0.2,40,1,7,0.375
"221",1,0.3,40,1,7,0.214285714285714
"222",2,0.3,40,1,7,0.214285714285714
"223",1,0.4,40,1,7,0.235294117647059
"224",2,0.4,40,1,7,0.411764705882353
"225",1,0.5,40,1,7,1.04166666666667
"226",2,0.5,40,1,7,0.333333333333333
"227",1,0.6,40,1,7,1.41379310344828
"228",2,0.6,40,1,7,0.827586206896552
"229",1,0.7,40,1,7,1
"230",2,0.7,40,1,7,0.454545454545455
"231",1,0.8,40,1,7,1.33333333333333
"232",2,0.8,40,1,7,1.27777777777778
"233",1,0.9,40,1,7,3
"234",2,0.9,40,1,7,1.55
"235",1,0.1,40,2,7,0
"236",2,0.1,40,2,7,0
"237",1,0.2,40,2,7,0.166666666666667
"238",2,0.2,40,2,7,0.333333333333333
"239",1,0.3,40,2,7,0.153846153846154
"240",2,0.3,40,2,7,0.384615384615385
"241",1,0.4,40,2,7,0.470588235294118
"242",2,0.4,40,2,7,0.823529411764706
"243",1,0.5,40,2,7,0.516129032258065
"244",2,0.5,40,2,7,0.225806451612903
"245",1,0.6,40,2,7,0.285714285714286
"246",2,0.6,40,2,7,0.75
"247",1,0.7,40,2,7,1.41666666666667
"248",2,0.7,40,2,7,0.583333333333333
"249",1,0.8,40,2,7,1.54761904761905
"250",2,0.8,40,2,7,1.45238095238095
"251",1,0.9,40,2,7,1.96428571428571
"252",2,0.9,40,2,7,2.39285714285714
"253",1,0.1,40,1,8,0
"254",2,0.1,40,1,8,0
"255",1,0.2,40,1,8,0.111111111111111
"256",2,0.2,40,1,8,0.222222222222222
"257",1,0.3,40,1,8,0.153846153846154
"258",2,0.3,40,1,8,0.615384615384615
"259",1,0.4,40,1,8,1.11111111111111
"260",2,0.4,40,1,8,0.333333333333333
"261",1,0.5,40,1,8,1.19230769230769
"262",2,0.5,40,1,8,0.653846153846154
"263",1,0.6,40,1,8,0.785714285714286
"264",2,0.6,40,1,8,0.142857142857143
"265",1,0.7,40,1,8,1.44117647058824
"266",2,0.7,40,1,8,1.55882352941176
"267",1,0.8,40,1,8,2.02777777777778
"268",2,0.8,40,1,8,1.05555555555556
"269",1,0.9,40,1,8,1.575
"270",2,0.9,40,1,8,0.975
"271",1,0.1,40,2,8,0
"272",2,0.1,40,2,8,0
"273",1,0.2,40,2,8,0.0909090909090909
"274",2,0.2,40,2,8,0
"275",1,0.3,40,2,8,0.285714285714286
"276",2,0.3,40,2,8,0.285714285714286
"277",1,0.4,40,2,8,0.25
"278",2,0.4,40,2,8,0.1
"279",1,0.5,40,2,8,0.307692307692308
"280",2,0.5,40,2,8,0.615384615384615
"281",1,0.6,40,2,8,1
"282",2,0.6,40,2,8,0.645161290322581
"283",1,0.7,40,2,8,1.05405405405405
"284",2,0.7,40,2,8,0.702702702702703
"285",1,0.8,40,2,8,1.38
"286",2,0.8,40,2,8,1.3
"287",1,0.9,40,2,8,1.6078431372549
"288",2,0.9,40,2,8,1.90196078431373
"289",1,0.1,40,1,9,0
"290",2,0.1,40,1,9,0
"291",1,0.2,40,1,9,0.25
"292",2,0.2,40,1,9,0
"293",1,0.3,40,1,9,0.533333333333333
"294",2,0.3,40,1,9,0
"295",1,0.4,40,1,9,0.5
"296",2,0.4,40,1,9,0.4
"297",1,0.5,40,1,9,0.409090909090909
"298",2,0.5,40,1,9,0.5
"299",1,0.6,40,1,9,0.769230769230769
"300",2,0.6,40,1,9,0.615384615384615
"301",1,0.7,40,1,9,2.06896551724138
"302",2,0.7,40,1,9,1
"303",1,0.8,40,1,9,1.58333333333333
"304",2,0.8,40,1,9,0.444444444444444
"305",1,0.9,40,1,9,2.52272727272727
"306",2,0.9,40,1,9,0.977272727272727
"307",1,0.1,40,2,9,0.25
"308",2,0.1,40,2,9,0
"309",1,0.2,40,2,9,0
"310",2,0.2,40,2,9,0.111111111111111
"311",1,0.3,40,2,9,0.0714285714285714
"312",2,0.3,40,2,9,0.571428571428571
"313",1,0.4,40,2,9,0.32
"314",2,0.4,40,2,9,0.08
"315",1,0.5,40,2,9,0.583333333333333
"316",2,0.5,40,2,9,1.375
"317",1,0.6,40,2,9,1.1
"318",2,0.6,40,2,9,0.3
"319",1,0.7,40,2,9,0.931818181818182
"320",2,0.7,40,2,9,0.613636363636364
"321",1,0.8,40,2,9,1.34042553191489
"322",2,0.8,40,2,9,1.06382978723404
"323",1,0.9,40,2,9,1.82222222222222
"324",2,0.9,40,2,9,0.933333333333333
"325",1,0.1,40,1,10,0
"326",2,0.1,40,1,10,0
"327",1,0.2,40,1,10,0.375
"328",2,0.2,40,1,10,0
"329",1,0.3,40,1,10,0.733333333333333
"330",2,0.3,40,1,10,0.266666666666667
"331",1,0.4,40,1,10,1.21052631578947
"332",2,0.4,40,1,10,0.526315789473684
"333",1,0.5,40,1,10,1.28571428571429
"334",2,0.5,40,1,10,0.142857142857143
"335",1,0.6,40,1,10,1.28571428571429
"336",2,0.6,40,1,10,0.464285714285714
"337",1,0.7,40,1,10,1.59375
"338",2,0.7,40,1,10,0.375
"339",1,0.8,40,1,10,1.25
"340",2,0.8,40,1,10,0.675
"341",1,0.9,40,1,10,1.42857142857143
"342",2,0.9,40,1,10,2.71428571428571
"343",1,0.1,40,2,10,0
"344",2,0.1,40,2,10,0.25
"345",1,0.2,40,2,10,0
"346",2,0.2,40,2,10,0.125
"347",1,0.3,40,2,10,0.333333333333333
"348",2,0.3,40,2,10,0.166666666666667
"349",1,0.4,40,2,10,0.315789473684211
"350",2,0.4,40,2,10,0.631578947368421
"351",1,0.5,40,2,10,0.24
"352",2,0.5,40,2,10,0.28
"353",1,0.6,40,2,10,0.766666666666667
"354",2,0.6,40,2,10,0.766666666666667
"355",1,0.7,40,2,10,0.714285714285714
"356",2,0.7,40,2,10,0.666666666666667
"357",1,0.8,40,2,10,1.71052631578947
"358",2,0.8,40,2,10,0.657894736842105
"359",1,0.9,40,2,10,1.86046511627907
"360",2,0.9,40,2,10,1.97674418604651
"361",1,0.1,40,1,11,0
"362",2,0.1,40,1,11,0
"363",1,0.2,40,1,11,0.125
"364",2,0.2,40,1,11,0.375
"365",1,0.3,40,1,11,0.2
"366",2,0.3,40,1,11,0.266666666666667
"367",1,0.4,40,1,11,0.117647058823529
"368",2,0.4,40,1,11,0.294117647058824
"369",1,0.5,40,1,11,0.428571428571429
"370",2,0.5,40,1,11,0.19047619047619
"371",1,0.6,40,1,11,1.83333333333333
"372",2,0.6,40,1,11,0.708333333333333
"373",1,0.7,40,1,11,0.722222222222222
"374",2,0.7,40,1,11,0.527777777777778
"375",1,0.8,40,1,11,0.891891891891892
"376",2,0.8,40,1,11,2.21621621621622
"377",1,0.9,40,1,11,1.4
"378",2,0.9,40,1,11,1.95555555555556
"379",1,0.1,40,2,11,0
"380",2,0.1,40,2,11,0.25
"381",1,0.2,40,2,11,0.125
"382",2,0.2,40,2,11,0.75
"383",1,0.3,40,2,11,0.285714285714286
"384",2,0.3,40,2,11,0.0952380952380952
"385",1,0.4,40,2,11,0.294117647058824
"386",2,0.4,40,2,11,0.941176470588235
"387",1,0.5,40,2,11,0.521739130434783
"388",2,0.5,40,2,11,0.217391304347826
"389",1,0.6,40,2,11,0.542857142857143
"390",2,0.6,40,2,11,0.2
"391",1,0.7,40,2,11,1.14285714285714
"392",2,0.7,40,2,11,0.342857142857143
"393",1,0.8,40,2,11,1.10526315789474
"394",2,0.8,40,2,11,1.07894736842105
"395",1,0.9,40,2,11,3.90196078431373
"396",2,0.9,40,2,11,2.3921568627451
"397",1,0.1,40,1,12,0.5
"398",2,0.1,40,1,12,0
"399",1,0.2,40,1,12,0
"400",2,0.2,40,1,12,0.375
"401",1,0.3,40,1,12,0.714285714285714
"402",2,0.3,40,1,12,0.285714285714286
"403",1,0.4,40,1,12,0.705882352941177
"404",2,0.4,40,1,12,0.0588235294117647
"405",1,0.5,40,1,12,1.13636363636364
"406",2,0.5,40,1,12,0.272727272727273
"407",1,0.6,40,1,12,1.19230769230769
"408",2,0.6,40,1,12,0.192307692307692
"409",1,0.7,40,1,12,0.606060606060606
"410",2,0.7,40,1,12,1.15151515151515
"411",1,0.8,40,1,12,1.35897435897436
"412",2,0.8,40,1,12,0.923076923076923
"413",1,0.9,40,1,12,0.894736842105263
"414",2,0.9,40,1,12,0.842105263157895
"415",1,0.1,40,2,12,0.25
"416",2,0.1,40,2,12,0.25
"417",1,0.2,40,2,12,0.125
"418",2,0.2,40,2,12,0.125
"419",1,0.3,40,2,12,0.285714285714286
"420",2,0.3,40,2,12,0.857142857142857
"421",1,0.4,40,2,12,0.315789473684211
"422",2,0.4,40,2,12,0.105263157894737
"423",1,0.5,40,2,12,0.625
"424",2,0.5,40,2,12,0.5
"425",1,0.6,40,2,12,0.764705882352941
"426",2,0.6,40,2,12,0.617647058823529
"427",1,0.7,40,2,12,0.727272727272727
"428",2,0.7,40,2,12,0.666666666666667
"429",1,0.8,40,2,12,3.15909090909091
"430",2,0.8,40,2,12,1.70454545454545
"431",1,0.9,40,2,12,2.22448979591837
"432",2,0.9,40,2,12,2.61224489795918
"433",1,0.1,40,1,13,0
"434",2,0.1,40,1,13,0
"435",1,0.2,40,1,13,0
"436",2,0.2,40,1,13,0.125
"437",1,0.3,40,1,13,0.307692307692308
"438",2,0.3,40,1,13,0.307692307692308
"439",1,0.4,40,1,13,0.625
"440",2,0.4,40,1,13,0.4375
"441",1,0.5,40,1,13,0.6
"442",2,0.5,40,1,13,0.45
"443",1,0.6,40,1,13,0.482758620689655
"444",2,0.6,40,1,13,0.448275862068966
"445",1,0.7,40,1,13,1.12121212121212
"446",2,0.7,40,1,13,0.606060606060606
"447",1,0.8,40,1,13,0.617647058823529
"448",2,0.8,40,1,13,1.02941176470588
"449",1,0.9,40,1,13,2.53061224489796
"450",2,0.9,40,1,13,2.16326530612245
"451",1,0.1,40,2,13,0
"452",2,0.1,40,2,13,0.25
"453",1,0.2,40,2,13,0.125
"454",2,0.2,40,2,13,0.25
"455",1,0.3,40,2,13,0.142857142857143
"456",2,0.3,40,2,13,0.5
"457",1,0.4,40,2,13,0.238095238095238
"458",2,0.4,40,2,13,0.0476190476190476
"459",1,0.5,40,2,13,0.448275862068966
"460",2,0.5,40,2,13,0.137931034482759
"461",1,0.6,40,2,13,0.821428571428571
"462",2,0.6,40,2,13,0.321428571428571
"463",1,0.7,40,2,13,2.10526315789474
"464",2,0.7,40,2,13,1.21052631578947
"465",1,0.8,40,2,13,1.19512195121951
"466",2,0.8,40,2,13,1.80487804878049
"467",1,0.9,40,2,13,1.33333333333333
"468",2,0.9,40,2,13,1.52083333333333
"469",1,0.1,40,1,14,0
"470",2,0.1,40,1,14,0
"471",1,0.2,40,1,14,0.25
"472",2,0.2,40,1,14,0
"473",1,0.3,40,1,14,0.461538461538462
"474",2,0.3,40,1,14,0.0769230769230769
"475",1,0.4,40,1,14,0.210526315789474
"476",2,0.4,40,1,14,0.421052631578947
"477",1,0.5,40,1,14,0.608695652173913
"478",2,0.5,40,1,14,0.304347826086957
"479",1,0.6,40,1,14,0.48
"480",2,0.6,40,1,14,0.52
"481",1,0.7,40,1,14,0.454545454545455
"482",2,0.7,40,1,14,1.57575757575758
"483",1,0.8,40,1,14,0.692307692307692
"484",2,0.8,40,1,14,0.692307692307692
"485",1,0.9,40,1,14,1.48888888888889
"486",2,0.9,40,1,14,1.48888888888889
"487",1,0.1,40,2,14,0
"488",2,0.1,40,2,14,0
"489",1,0.2,40,2,14,0
"490",2,0.2,40,2,14,0
"491",1,0.3,40,2,14,0.2
"492",2,0.3,40,2,14,0.333333333333333
"493",1,0.4,40,2,14,0.526315789473684
"494",2,0.4,40,2,14,0.210526315789474
"495",1,0.5,40,2,14,0.6
"496",2,0.5,40,2,14,0.4
"497",1,0.6,40,2,14,0.692307692307692
"498",2,0.6,40,2,14,0.5
"499",1,0.7,40,2,14,0.871794871794872
"500",2,0.7,40,2,14,1.64102564102564
"501",1,0.8,40,2,14,1.1
"502",2,0.8,40,2,14,1.8
"503",1,0.9,40,2,14,1.3265306122449
"504",2,0.9,40,2,14,2.16326530612245
"505",1,0.1,40,1,15,0
"506",2,0.1,40,1,15,0
"507",1,0.2,40,1,15,0
"508",2,0.2,40,1,15,0.333333333333333
"509",1,0.3,40,1,15,0.571428571428571
"510",2,0.3,40,1,15,0.142857142857143
"511",1,0.4,40,1,15,0.9375
"512",2,0.4,40,1,15,0.3125
"513",1,0.5,40,1,15,0.636363636363636
"514",2,0.5,40,1,15,0.181818181818182
"515",1,0.6,40,1,15,0.67741935483871
"516",2,0.6,40,1,15,0.516129032258065
"517",1,0.7,40,1,15,0.363636363636364
"518",2,0.7,40,1,15,0.545454545454545
"519",1,0.8,40,1,15,1.19047619047619
"520",2,0.8,40,1,15,1.57142857142857
"521",1,0.9,40,1,15,1.88235294117647
"522",2,0.9,40,1,15,1.62745098039216
"523",1,0.1,40,2,15,0.166666666666667
"524",2,0.1,40,2,15,0.166666666666667
"525",1,0.2,40,2,15,0.2
"526",2,0.2,40,2,15,0.2
"527",1,0.3,40,2,15,0.0625
"528",2,0.3,40,2,15,0.0625
"529",1,0.4,40,2,15,0.478260869565217
"530",2,0.4,40,2,15,0.260869565217391
"531",1,0.5,40,2,15,0.458333333333333
"532",2,0.5,40,2,15,0.208333333333333
"533",1,0.6,40,2,15,1.0625
"534",2,0.6,40,2,15,0.40625
"535",1,0.7,40,2,15,0.947368421052632
"536",2,0.7,40,2,15,1.73684210526316
"537",1,0.8,40,2,15,1.33333333333333
"538",2,0.8,40,2,15,1.07692307692308
"539",1,0.9,40,2,15,2.21276595744681
"540",2,0.9,40,2,15,2.48936170212766
"541",1,0.1,40,1,16,0
"542",2,0.1,40,1,16,0
"543",1,0.2,40,1,16,1
"544",2,0.2,40,1,16,0.25
"545",1,0.3,40,1,16,0.428571428571429
"546",2,0.3,40,1,16,0
"547",1,0.4,40,1,16,0.0625
"548",2,0.4,40,1,16,0.125
"549",1,0.5,40,1,16,0.28
"550",2,0.5,40,1,16,0.36
"551",1,0.6,40,1,16,1.03448275862069
"552",2,0.6,40,1,16,0.448275862068966
"553",1,0.7,40,1,16,0.875
"554",2,0.7,40,1,16,0.975
"555",1,0.8,40,1,16,0.707317073170732
"556",2,0.8,40,1,16,0.804878048780488
"557",1,0.9,40,1,16,1.48837209302326
"558",2,0.9,40,1,16,3.41860465116279
"559",1,0.1,40,2,16,0
"560",2,0.1,40,2,16,0
"561",1,0.2,40,2,16,0.1
"562",2,0.2,40,2,16,0
"563",1,0.3,40,2,16,0.266666666666667
"564",2,0.3,40,2,16,0
"565",1,0.4,40,2,16,0.380952380952381
"566",2,0.4,40,2,16,0.0952380952380952
"567",1,0.5,40,2,16,0.454545454545455
"568",2,0.5,40,2,16,0.272727272727273
"569",1,0.6,40,2,16,1.32258064516129
"570",2,0.6,40,2,16,1.80645161290323
"571",1,0.7,40,2,16,0.973684210526316
"572",2,0.7,40,2,16,0.5
"573",1,0.8,40,2,16,1.25581395348837
"574",2,0.8,40,2,16,0.674418604651163
"575",1,0.9,40,2,16,2.42553191489362
"576",2,0.9,40,2,16,1
"577",1,0.1,40,1,17,0
"578",2,0.1,40,1,17,0
"579",1,0.2,40,1,17,0.375
"580",2,0.2,40,1,17,0.25
"581",1,0.3,40,1,17,0.25
"582",2,0.3,40,1,17,0.125
"583",1,0.4,40,1,17,0.263157894736842
"584",2,0.4,40,1,17,0.210526315789474
"585",1,0.5,40,1,17,0.285714285714286
"586",2,0.5,40,1,17,0.428571428571429
"587",1,0.6,40,1,17,0.458333333333333
"588",2,0.6,40,1,17,0.666666666666667
"589",1,0.7,40,1,17,1.05882352941176
"590",2,0.7,40,1,17,1.88235294117647
"591",1,0.8,40,1,17,1.39130434782609
"592",2,0.8,40,1,17,1.91304347826087
"593",1,0.9,40,1,17,2.31372549019608
"594",2,0.9,40,1,17,1.50980392156863
"595",1,0.1,40,2,17,0
"596",2,0.1,40,2,17,0.25
"597",1,0.2,40,2,17,0.25
"598",2,0.2,40,2,17,0.0833333333333333
"599",1,0.3,40,2,17,0.333333333333333
"600",2,0.3,40,2,17,0.266666666666667
"601",1,0.4,40,2,17,0.307692307692308
"602",2,0.4,40,2,17,0.269230769230769
"603",1,0.5,40,2,17,0.571428571428571
"604",2,0.5,40,2,17,0.333333333333333
"605",1,0.6,40,2,17,0.741935483870968
"606",2,0.6,40,2,17,0.580645161290323
"607",1,0.7,40,2,17,0.868421052631579
"608",2,0.7,40,2,17,1.07894736842105
"609",1,0.8,40,2,17,1.64102564102564
"610",2,0.8,40,2,17,2.64102564102564
"611",1,0.9,40,2,17,2.56521739130435
"612",2,0.9,40,2,17,3.82608695652174
"613",1,0.1,40,1,18,0.25
"614",2,0.1,40,1,18,0
"615",1,0.2,40,1,18,0.125
"616",2,0.2,40,1,18,0.125
"617",1,0.3,40,1,18,0.461538461538462
"618",2,0.3,40,1,18,0.384615384615385
"619",1,0.4,40,1,18,1.25
"620",2,0.4,40,1,18,0.0625
"621",1,0.5,40,1,18,0.458333333333333
"622",2,0.5,40,1,18,0.375
"623",1,0.6,40,1,18,0.296296296296296
"624",2,0.6,40,1,18,0.444444444444444
"625",1,0.7,40,1,18,1.43589743589744
"626",2,0.7,40,1,18,0.692307692307692
"627",1,0.8,40,1,18,1.40540540540541
"628",2,0.8,40,1,18,2.56756756756757
"629",1,0.9,40,1,18,1.8125
"630",2,0.9,40,1,18,1.20833333333333
"631",1,0.1,40,2,18,0
"632",2,0.1,40,2,18,0
"633",1,0.2,40,2,18,0
"634",2,0.2,40,2,18,0.2
"635",1,0.3,40,2,18,0.375
"636",2,0.3,40,2,18,0.1875
"637",1,0.4,40,2,18,0.333333333333333
"638",2,0.4,40,2,18,0.333333333333333
"639",1,0.5,40,2,18,0.666666666666667
"640",2,0.5,40,2,18,0.555555555555556
"641",1,0.6,40,2,18,0.620689655172414
"642",2,0.6,40,2,18,1.03448275862069
"643",1,0.7,40,2,18,0.891891891891892
"644",2,0.7,40,2,18,0.702702702702703
"645",1,0.8,40,2,18,1.90243902439024
"646",2,0.8,40,2,18,0.634146341463415
"647",1,0.9,40,2,18,2.45833333333333
"648",2,0.9,40,2,18,1.64583333333333
"649",1,0.1,40,1,19,0
"650",2,0.1,40,1,19,0
"651",1,0.2,40,1,19,1.125
"652",2,0.2,40,1,19,0.375
"653",1,0.3,40,1,19,0.538461538461538
"654",2,0.3,40,1,19,0.384615384615385
"655",1,0.4,40,1,19,0.25
"656",2,0.4,40,1,19,0.125
"657",1,0.5,40,1,19,0.5
"658",2,0.5,40,1,19,0.2
"659",1,0.6,40,1,19,0.46875
"660",2,0.6,40,1,19,0.46875
"661",1,0.7,40,1,19,1.05714285714286
"662",2,0.7,40,1,19,2.51428571428571
"663",1,0.8,40,1,19,1.875
"664",2,0.8,40,1,19,0.675
"665",1,0.9,40,1,19,1.66666666666667
"666",2,0.9,40,1,19,1.91111111111111
"667",1,0.1,40,2,19,0.25
"668",2,0.1,40,2,19,0
"669",1,0.2,40,2,19,0.111111111111111
"670",2,0.2,40,2,19,0.111111111111111
"671",1,0.3,40,2,19,0.25
"672",2,0.3,40,2,19,0.0625
"673",1,0.4,40,2,19,0.333333333333333
"674",2,0.4,40,2,19,0.166666666666667
"675",1,0.5,40,2,19,0.653846153846154
"676",2,0.5,40,2,19,1.46153846153846
"677",1,0.6,40,2,19,0.366666666666667
"678",2,0.6,40,2,19,0.3
"679",1,0.7,40,2,19,0.863636363636364
"680",2,0.7,40,2,19,1.52272727272727
"681",1,0.8,40,2,19,2.125
"682",2,0.8,40,2,19,2.625
"683",1,0.9,40,2,19,1.44186046511628
"684",2,0.9,40,2,19,2.3953488372093
"685",1,0.1,40,1,20,0
"686",2,0.1,40,1,20,0
"687",1,0.2,40,1,20,0
"688",2,0.2,40,1,20,0.125
"689",1,0.3,40,1,20,0.384615384615385
"690",2,0.3,40,1,20,0.0769230769230769
"691",1,0.4,40,1,20,0.0588235294117647
"692",2,0.4,40,1,20,0.470588235294118
"693",1,0.5,40,1,20,0.35
"694",2,0.5,40,1,20,1.05
"695",1,0.6,40,1,20,0.740740740740741
"696",2,0.6,40,1,20,1.18518518518519
"697",1,0.7,40,1,20,1.34375
"698",2,0.7,40,1,20,1.03125
"699",1,0.8,40,1,20,1.52380952380952
"700",2,0.8,40,1,20,0.523809523809524
"701",1,0.9,40,1,20,2.9047619047619
"702",2,0.9,40,1,20,1.23809523809524
"703",1,0.1,40,2,20,0
"704",2,0.1,40,2,20,0.25
"705",1,0.2,40,2,20,0
"706",2,0.2,40,2,20,0.5
"707",1,0.3,40,2,20,0.210526315789474
"708",2,0.3,40,2,20,0.157894736842105
"709",1,0.4,40,2,20,0.5
"710",2,0.4,40,2,20,0.125
"711",1,0.5,40,2,20,0.666666666666667
"712",2,0.5,40,2,20,0.481481481481481
"713",1,0.6,40,2,20,0.6
"714",2,0.6,40,2,20,0.933333333333333
"715",1,0.7,40,2,20,2
"716",2,0.7,40,2,20,0.555555555555556
"717",1,0.8,40,2,20,0.818181818181818
"718",2,0.8,40,2,20,1
"719",1,0.9,40,2,20,2.41860465116279
"720",2,0.9,40,2,20,1.6046511627907
"721",1,0.1,40,1,21,0
"722",2,0.1,40,1,21,0.75
"723",1,0.2,40,1,21,0
"724",2,0.2,40,1,21,0
"725",1,0.3,40,1,21,0.285714285714286
"726",2,0.3,40,1,21,0.142857142857143
"727",1,0.4,40,1,21,0.294117647058824
"728",2,0.4,40,1,21,0.352941176470588
"729",1,0.5,40,1,21,0.0952380952380952
"730",2,0.5,40,1,21,0.380952380952381
"731",1,0.6,40,1,21,0.241379310344828
"732",2,0.6,40,1,21,0.413793103448276
"733",1,0.7,40,1,21,2.48648648648649
"734",2,0.7,40,1,21,0.621621621621622
"735",1,0.8,40,1,21,1.45238095238095
"736",2,0.8,40,1,21,0.880952380952381
"737",1,0.9,40,1,21,2.09090909090909
"738",2,0.9,40,1,21,2.52272727272727
"739",1,0.1,40,2,21,0
"740",2,0.1,40,2,21,0.25
"741",1,0.2,40,2,21,0.111111111111111
"742",2,0.2,40,2,21,0.111111111111111
"743",1,0.3,40,2,21,0.222222222222222
"744",2,0.3,40,2,21,0.166666666666667
"745",1,0.4,40,2,21,0.352941176470588
"746",2,0.4,40,2,21,0.117647058823529
"747",1,0.5,40,2,21,0.16
"748",2,0.5,40,2,21,0.72
"749",1,0.6,40,2,21,0.580645161290323
"750",2,0.6,40,2,21,0.290322580645161
"751",1,0.7,40,2,21,1.73684210526316
"752",2,0.7,40,2,21,1.84210526315789
"753",1,0.8,40,2,21,1.18918918918919
"754",2,0.8,40,2,21,1.59459459459459
"755",1,0.9,40,2,21,1.55813953488372
"756",2,0.9,40,2,21,2.62790697674419
"757",1,0.1,40,1,22,0
"758",2,0.1,40,1,22,0
"759",1,0.2,40,1,22,0.125
"760",2,0.2,40,1,22,0
"761",1,0.3,40,1,22,0.571428571428571
"762",2,0.3,40,1,22,0.0714285714285714
"763",1,0.4,40,1,22,0.473684210526316
"764",2,0.4,40,1,22,0.368421052631579
"765",1,0.5,40,1,22,0.608695652173913
"766",2,0.5,40,1,22,0.0869565217391304
"767",1,0.6,40,1,22,1.0625
"768",2,0.6,40,1,22,0.46875
"769",1,0.7,40,1,22,1.16666666666667
"770",2,0.7,40,1,22,0.555555555555556
"771",1,0.8,40,1,22,1.43243243243243
"772",2,0.8,40,1,22,0.72972972972973
"773",1,0.9,40,1,22,2.53333333333333
"774",2,0.9,40,1,22,1.86666666666667
"775",1,0.1,40,2,22,0.25
"776",2,0.1,40,2,22,0
"777",1,0.2,40,2,22,0
"778",2,0.2,40,2,22,0.111111111111111
"779",1,0.3,40,2,22,0.333333333333333
"780",2,0.3,40,2,22,0.133333333333333
"781",1,0.4,40,2,22,0.590909090909091
"782",2,0.4,40,2,22,0.272727272727273
"783",1,0.5,40,2,22,0.583333333333333
"784",2,0.5,40,2,22,0.333333333333333
"785",1,0.6,40,2,22,1.33333333333333
"786",2,0.6,40,2,22,0.933333333333333
"787",1,0.7,40,2,22,0.769230769230769
"788",2,0.7,40,2,22,0.82051282051282
"789",1,0.8,40,2,22,1.23684210526316
"790",2,0.8,40,2,22,0.710526315789474
"791",1,0.9,40,2,22,2.80487804878049
"792",2,0.9,40,2,22,1.09756097560976
"793",1,0.1,40,1,23,0
"794",2,0.1,40,1,23,0
"795",1,0.2,40,1,23,0.125
"796",2,0.2,40,1,23,0
"797",1,0.3,40,1,23,0.230769230769231
"798",2,0.3,40,1,23,0.0769230769230769
"799",1,0.4,40,1,23,0.444444444444444
"800",2,0.4,40,1,23,0.333333333333333
"801",1,0.5,40,1,23,0.481481481481481
"802",2,0.5,40,1,23,0.481481481481481
"803",1,0.6,40,1,23,1.13333333333333
"804",2,0.6,40,1,23,0.966666666666667
"805",1,0.7,40,1,23,1.40540540540541
"806",2,0.7,40,1,23,0.945945945945946
"807",1,0.8,40,1,23,1.18421052631579
"808",2,0.8,40,1,23,1.55263157894737
"809",1,0.9,40,1,23,1.75
"810",2,0.9,40,1,23,0.325
"811",1,0.1,40,2,23,0
"812",2,0.1,40,2,23,0
"813",1,0.2,40,2,23,0.1
"814",2,0.2,40,2,23,0
"815",1,0.3,40,2,23,0.357142857142857
"816",2,0.3,40,2,23,0.142857142857143
"817",1,0.4,40,2,23,0.631578947368421
"818",2,0.4,40,2,23,1
"819",1,0.5,40,2,23,0.318181818181818
"820",2,0.5,40,2,23,0.181818181818182
"821",1,0.6,40,2,23,0.676470588235294
"822",2,0.6,40,2,23,0.617647058823529
"823",1,0.7,40,2,23,0.939393939393939
"824",2,0.7,40,2,23,1.42424242424242
"825",1,0.8,40,2,23,1.02325581395349
"826",2,0.8,40,2,23,1.11627906976744
"827",1,0.9,40,2,23,1.51219512195122
"828",2,0.9,40,2,23,1.07317073170732
"829",1,0.1,40,1,24,0
"830",2,0.1,40,1,24,0
"831",1,0.2,40,1,24,0.25
"832",2,0.2,40,1,24,0
"833",1,0.3,40,1,24,0.0666666666666667
"834",2,0.3,40,1,24,0.333333333333333
"835",1,0.4,40,1,24,0.3
"836",2,0.4,40,1,24,0.4
"837",1,0.5,40,1,24,0.347826086956522
"838",2,0.5,40,1,24,0.652173913043478
"839",1,0.6,40,1,24,1.26923076923077
"840",2,0.6,40,1,24,0.5
"841",1,0.7,40,1,24,0.939393939393939
"842",2,0.7,40,1,24,0.333333333333333
"843",1,0.8,40,1,24,1.325
"844",2,0.8,40,1,24,0.45
"845",1,0.9,40,1,24,2
"846",2,0.9,40,1,24,0.829787234042553
"847",1,0.1,40,2,24,0.25
"848",2,0.1,40,2,24,0
"849",1,0.2,40,2,24,0.3
"850",2,0.2,40,2,24,0
"851",1,0.3,40,2,24,0.307692307692308
"852",2,0.3,40,2,24,0.153846153846154
"853",1,0.4,40,2,24,0.421052631578947
"854",2,0.4,40,2,24,0.894736842105263
"855",1,0.5,40,2,24,0.6
"856",2,0.5,40,2,24,0.68
"857",1,0.6,40,2,24,1.3448275862069
"858",2,0.6,40,2,24,0.310344827586207
"859",1,0.7,40,2,24,0.864864864864865
"860",2,0.7,40,2,24,0.648648648648649
"861",1,0.8,40,2,24,1.87878787878788
"862",2,0.8,40,2,24,2.66666666666667
"863",1,0.9,40,2,24,1.04255319148936
"864",2,0.9,40,2,24,1.14893617021277
"865",1,0.1,40,1,25,0
"866",2,0.1,40,1,25,0
"867",1,0.2,40,1,25,0
"868",2,0.2,40,1,25,0.111111111111111
"869",1,0.3,40,1,25,0.153846153846154
"870",2,0.3,40,1,25,0.153846153846154
"871",1,0.4,40,1,25,0.1875
"872",2,0.4,40,1,25,0.125
"873",1,0.5,40,1,25,0.166666666666667
"874",2,0.5,40,1,25,0.375
"875",1,0.6,40,1,25,1.5
"876",2,0.6,40,1,25,0.384615384615385
"877",1,0.7,40,1,25,0.794117647058823
"878",2,0.7,40,1,25,1.05882352941176
"879",1,0.8,40,1,25,1.65
"880",2,0.8,40,1,25,0.475
"881",1,0.9,40,1,25,3.63636363636364
"882",2,0.9,40,1,25,0.818181818181818
"883",1,0.1,40,2,25,0
"884",2,0.1,40,2,25,0
"885",1,0.2,40,2,25,0.222222222222222
"886",2,0.2,40,2,25,0
"887",1,0.3,40,2,25,0.307692307692308
"888",2,0.3,40,2,25,0.0769230769230769
"889",1,0.4,40,2,25,0.8
"890",2,0.4,40,2,25,0.55
"891",1,0.5,40,2,25,0.44
"892",2,0.5,40,2,25,0.28
"893",1,0.6,40,2,25,1.58064516129032
"894",2,0.6,40,2,25,0.870967741935484
"895",1,0.7,40,2,25,1.125
"896",2,0.7,40,2,25,0.625
"897",1,0.8,40,2,25,1.41176470588235
"898",2,0.8,40,2,25,1.08823529411765
"899",1,0.9,40,2,25,2.11627906976744
"900",2,0.9,40,2,25,2.04651162790698
"901",1,0.1,40,1,26,0
"902",2,0.1,40,1,26,0
"903",1,0.2,40,1,26,0
"904",2,0.2,40,1,26,0
"905",1,0.3,40,1,26,0.642857142857143
"906",2,0.3,40,1,26,0.571428571428571
"907",1,0.4,40,1,26,0.125
"908",2,0.4,40,1,26,0.4375
"909",1,0.5,40,1,26,0.769230769230769
"910",2,0.5,40,1,26,0.5
"911",1,0.6,40,1,26,0.709677419354839
"912",2,0.6,40,1,26,0.32258064516129
"913",1,0.7,40,1,26,0.972222222222222
"914",2,0.7,40,1,26,0.916666666666667
"915",1,0.8,40,1,26,1.78378378378378
"916",2,0.8,40,1,26,0.648648648648649
"917",1,0.9,40,1,26,2.13636363636364
"918",2,0.9,40,1,26,1.04545454545455
"919",1,0.1,40,2,26,0
"920",2,0.1,40,2,26,0
"921",1,0.2,40,2,26,0.222222222222222
"922",2,0.2,40,2,26,0.222222222222222
"923",1,0.3,40,2,26,0.266666666666667
"924",2,0.3,40,2,26,0
"925",1,0.4,40,2,26,0.157894736842105
"926",2,0.4,40,2,26,0.631578947368421
"927",1,0.5,40,2,26,0.8
"928",2,0.5,40,2,26,0.52
"929",1,0.6,40,2,26,0.352941176470588
"930",2,0.6,40,2,26,0.470588235294118
"931",1,0.7,40,2,26,0.8125
"932",2,0.7,40,2,26,0.96875
"933",1,0.8,40,2,26,0.85
"934",2,0.8,40,2,26,1.325
"935",1,0.9,40,2,26,1.70454545454545
"936",2,0.9,40,2,26,2.27272727272727
"937",1,0.1,40,1,27,0
"938",2,0.1,40,1,27,0
"939",1,0.2,40,1,27,0.625
"940",2,0.2,40,1,27,0.125
"941",1,0.3,40,1,27,0.0714285714285714
"942",2,0.3,40,1,27,0.214285714285714
"943",1,0.4,40,1,27,0.1875
"944",2,0.4,40,1,27,0.125
"945",1,0.5,40,1,27,0.434782608695652
"946",2,0.5,40,1,27,0.91304347826087
"947",1,0.6,40,1,27,1.4
"948",2,0.6,40,1,27,0.4
"949",1,0.7,40,1,27,2.08571428571429
"950",2,0.7,40,1,27,0.685714285714286
"951",1,0.8,40,1,27,1.86842105263158
"952",2,0.8,40,1,27,0.631578947368421
"953",1,0.9,40,1,27,1.61904761904762
"954",2,0.9,40,1,27,2.57142857142857
"955",1,0.1,40,2,27,0.2
"956",2,0.1,40,2,27,0
"957",1,0.2,40,2,27,0.1
"958",2,0.2,40,2,27,0
"959",1,0.3,40,2,27,0.235294117647059
"960",2,0.3,40,2,27,0.294117647058824
"961",1,0.4,40,2,27,0.45
"962",2,0.4,40,2,27,0.2
"963",1,0.5,40,2,27,0.214285714285714
"964",2,0.5,40,2,27,0.535714285714286
"965",1,0.6,40,2,27,0.666666666666667
"966",2,0.6,40,2,27,0.481481481481481
"967",1,0.7,40,2,27,1.21212121212121
"968",2,0.7,40,2,27,0.363636363636364
"969",1,0.8,40,2,27,0.775
"970",2,0.8,40,2,27,0.85
"971",1,0.9,40,2,27,1.42
"972",2,0.9,40,2,27,1.26
"973",1,0.1,40,1,28,1
"974",2,0.1,40,1,28,0.25
"975",1,0.2,40,1,28,0.125
"976",2,0.2,40,1,28,0.5
"977",1,0.3,40,1,28,0.307692307692308
"978",2,0.3,40,1,28,0.153846153846154
"979",1,0.4,40,1,28,0.409090909090909
"980",2,0.4,40,1,28,0.272727272727273
"981",1,0.5,40,1,28,0.857142857142857
"982",2,0.5,40,1,28,1.38095238095238
"983",1,0.6,40,1,28,0.451612903225806
"984",2,0.6,40,1,28,0.709677419354839
"985",1,0.7,40,1,28,1.78125
"986",2,0.7,40,1,28,0.53125
"987",1,0.8,40,1,28,2.05
"988",2,0.8,40,1,28,0.7
"989",1,0.9,40,1,28,2.57142857142857
"990",2,0.9,40,1,28,0.857142857142857
"991",1,0.1,40,2,28,0
"992",2,0.1,40,2,28,0
"993",1,0.2,40,2,28,0.111111111111111
"994",2,0.2,40,2,28,0.333333333333333
"995",1,0.3,40,2,28,0.133333333333333
"996",2,0.3,40,2,28,0.8
"997",1,0.4,40,2,28,0.388888888888889
"998",2,0.4,40,2,28,0.111111111111111
"999",1,0.5,40,2,28,1.04166666666667
"1000",2,0.5,40,2,28,0.375
"1001",1,0.6,40,2,28,0.518518518518518
"1002",2,0.6,40,2,28,1.25925925925926
"1003",1,0.7,40,2,28,1.03125
"1004",2,0.7,40,2,28,0.65625
"1005",1,0.8,40,2,28,1.67567567567568
"1006",2,0.8,40,2,28,1.51351351351351
"1007",1,0.9,40,2,28,1.34090909090909
"1008",2,0.9,40,2,28,0.977272727272727
"1009",1,0.1,40,1,29,0
"1010",2,0.1,40,1,29,0
"1011",1,0.2,40,1,29,0.375
"1012",2,0.2,40,1,29,0.125
"1013",1,0.3,40,1,29,0.117647058823529
"1014",2,0.3,40,1,29,0.176470588235294
"1015",1,0.4,40,1,29,0.352941176470588
"1016",2,0.4,40,1,29,0.529411764705882
"1017",1,0.5,40,1,29,0.380952380952381
"1018",2,0.5,40,1,29,0.19047619047619
"1019",1,0.6,40,1,29,1.23076923076923
"1020",2,0.6,40,1,29,0.461538461538462
"1021",1,0.7,40,1,29,1.21621621621622
"1022",2,0.7,40,1,29,1.18918918918919
"1023",1,0.8,40,1,29,1.925
"1024",2,0.8,40,1,29,0.675
"1025",1,0.9,40,1,29,2.48888888888889
"1026",2,0.9,40,1,29,1.71111111111111
"1027",1,0.1,40,2,29,0.2
"1028",2,0.1,40,2,29,0
"1029",1,0.2,40,2,29,0
"1030",2,0.2,40,2,29,0
"1031",1,0.3,40,2,29,0.266666666666667
"1032",2,0.3,40,2,29,0.733333333333333
"1033",1,0.4,40,2,29,0.263157894736842
"1034",2,0.4,40,2,29,0.368421052631579
"1035",1,0.5,40,2,29,0.541666666666667
"1036",2,0.5,40,2,29,0.541666666666667
"1037",1,0.6,40,2,29,0.866666666666667
"1038",2,0.6,40,2,29,0.233333333333333
"1039",1,0.7,40,2,29,0.454545454545455
"1040",2,0.7,40,2,29,1.24242424242424
"1041",1,0.8,40,2,29,1.39473684210526
"1042",2,0.8,40,2,29,1.21052631578947
"1043",1,0.9,40,2,29,2.32608695652174
"1044",2,0.9,40,2,29,1.65217391304348
"1045",1,0.1,40,1,30,0
"1046",2,0.1,40,1,30,0
"1047",1,0.2,40,1,30,0
"1048",2,0.2,40,1,30,0
"1049",1,0.3,40,1,30,0.230769230769231
"1050",2,0.3,40,1,30,0.153846153846154
"1051",1,0.4,40,1,30,0.277777777777778
"1052",2,0.4,40,1,30,0.277777777777778
"1053",1,0.5,40,1,30,0.565217391304348
"1054",2,0.5,40,1,30,0.521739130434783
"1055",1,0.6,40,1,30,0.615384615384615
"1056",2,0.6,40,1,30,0.576923076923077
"1057",1,0.7,40,1,30,1.97142857142857
"1058",2,0.7,40,1,30,0.828571428571429
"1059",1,0.8,40,1,30,1.25
"1060",2,0.8,40,1,30,1.75
"1061",1,0.9,40,1,30,3.24444444444444
"1062",2,0.9,40,1,30,1.17777777777778
"1063",1,0.1,40,2,30,0.333333333333333
"1064",2,0.1,40,2,30,0
"1065",1,0.2,40,2,30,0.111111111111111
"1066",2,0.2,40,2,30,0
"1067",1,0.3,40,2,30,0.5
"1068",2,0.3,40,2,30,0.1875
"1069",1,0.4,40,2,30,0.684210526315789
"1070",2,0.4,40,2,30,0.157894736842105
"1071",1,0.5,40,2,30,0.833333333333333
"1072",2,0.5,40,2,30,0.416666666666667
"1073",1,0.6,40,2,30,1.11111111111111
"1074",2,0.6,40,2,30,0.259259259259259
"1075",1,0.7,40,2,30,1.18421052631579
"1076",2,0.7,40,2,30,0.789473684210526
"1077",1,0.8,40,2,30,1.675
"1078",2,0.8,40,2,30,1.3
"1079",1,0.9,40,2,30,1.6530612244898
"1080",2,0.9,40,2,30,1.18367346938776
"1081",1,0.1,40,1,31,0.25
"1082",2,0.1,40,1,31,0.25
"1083",1,0.2,40,1,31,0.125
"1084",2,0.2,40,1,31,0
"1085",1,0.3,40,1,31,0.0714285714285714
"1086",2,0.3,40,1,31,0
"1087",1,0.4,40,1,31,0.2
"1088",2,0.4,40,1,31,0.25
"1089",1,0.5,40,1,31,0.708333333333333
"1090",2,0.5,40,1,31,0.291666666666667
"1091",1,0.6,40,1,31,0.964285714285714
"1092",2,0.6,40,1,31,0.857142857142857
"1093",1,0.7,40,1,31,1.6875
"1094",2,0.7,40,1,31,0.4375
"1095",1,0.8,40,1,31,1.32432432432432
"1096",2,0.8,40,1,31,0.891891891891892
"1097",1,0.9,40,1,31,3.22448979591837
"1098",2,0.9,40,1,31,2.10204081632653
"1099",1,0.1,40,2,31,0.2
"1100",2,0.1,40,2,31,0
"1101",1,0.2,40,2,31,0.0833333333333333
"1102",2,0.2,40,2,31,0
"1103",1,0.3,40,2,31,0.0666666666666667
"1104",2,0.3,40,2,31,0.733333333333333
"1105",1,0.4,40,2,31,0.263157894736842
"1106",2,0.4,40,2,31,0.263157894736842
"1107",1,0.5,40,2,31,0.36
"1108",2,0.5,40,2,31,0.4
"1109",1,0.6,40,2,31,0.5
"1110",2,0.6,40,2,31,0.961538461538462
"1111",1,0.7,40,2,31,1.33333333333333
"1112",2,0.7,40,2,31,0.757575757575758
"1113",1,0.8,40,2,31,1.3
"1114",2,0.8,40,2,31,1.45
"1115",1,0.9,40,2,31,1.68181818181818
"1116",2,0.9,40,2,31,1.27272727272727
"1117",1,0.1,40,1,32,0
"1118",2,0.1,40,1,32,0
"1119",1,0.2,40,1,32,0.3
"1120",2,0.2,40,1,32,0
"1121",1,0.3,40,1,32,0.153846153846154
"1122",2,0.3,40,1,32,0.230769230769231
"1123",1,0.4,40,1,32,0.318181818181818
"1124",2,0.4,40,1,32,0.409090909090909
"1125",1,0.5,40,1,32,0.619047619047619
"1126",2,0.5,40,1,32,0.333333333333333
"1127",1,0.6,40,1,32,1.11538461538462
"1128",2,0.6,40,1,32,0.230769230769231
"1129",1,0.7,40,1,32,1.91666666666667
"1130",2,0.7,40,1,32,0.527777777777778
"1131",1,0.8,40,1,32,3.54054054054054
"1132",2,0.8,40,1,32,0.783783783783784
"1133",1,0.9,40,1,32,1.63636363636364
"1134",2,0.9,40,1,32,2.65909090909091
"1135",1,0.1,40,2,32,0
"1136",2,0.1,40,2,32,0
"1137",1,0.2,40,2,32,0
"1138",2,0.2,40,2,32,0
"1139",1,0.3,40,2,32,0.6
"1140",2,0.3,40,2,32,0.266666666666667
"1141",1,0.4,40,2,32,0.777777777777778
"1142",2,0.4,40,2,32,0.555555555555556
"1143",1,0.5,40,2,32,0.454545454545455
"1144",2,0.5,40,2,32,0.272727272727273
"1145",1,0.6,40,2,32,0.931034482758621
"1146",2,0.6,40,2,32,0.827586206896552
"1147",1,0.7,40,2,32,1.02941176470588
"1148",2,0.7,40,2,32,1.05882352941176
"1149",1,0.8,40,2,32,0.945945945945946
"1150",2,0.8,40,2,32,0.756756756756757
"1151",1,0.9,40,2,32,2.85714285714286
"1152",2,0.9,40,2,32,1
"1153",1,0.1,40,1,33,1
"1154",2,0.1,40,1,33,0.25
"1155",1,0.2,40,1,33,0.125
"1156",2,0.2,40,1,33,0.125
"1157",1,0.3,40,1,33,0.266666666666667
"1158",2,0.3,40,1,33,0
"1159",1,0.4,40,1,33,0.375
"1160",2,0.4,40,1,33,0.6875
"1161",1,0.5,40,1,33,0.48
"1162",2,0.5,40,1,33,0.48
"1163",1,0.6,40,1,33,1.12903225806452
"1164",2,0.6,40,1,33,0.32258064516129
"1165",1,0.7,40,1,33,1.15625
"1166",2,0.7,40,1,33,1.09375
"1167",1,0.8,40,1,33,2.51351351351351
"1168",2,0.8,40,1,33,0.837837837837838
"1169",1,0.9,40,1,33,2.25531914893617
"1170",2,0.9,40,1,33,1.25531914893617
"1171",1,0.1,40,2,33,0
"1172",2,0.1,40,2,33,0.25
"1173",1,0.2,40,2,33,0.0909090909090909
"1174",2,0.2,40,2,33,0
"1175",1,0.3,40,2,33,0.1875
"1176",2,0.3,40,2,33,0.1875
"1177",1,0.4,40,2,33,0.277777777777778
"1178",2,0.4,40,2,33,0.333333333333333
"1179",1,0.5,40,2,33,0.304347826086957
"1180",2,0.5,40,2,33,1.04347826086957
"1181",1,0.6,40,2,33,1
"1182",2,0.6,40,2,33,0.291666666666667
"1183",1,0.7,40,2,33,1.5
"1184",2,0.7,40,2,33,0.833333333333333
"1185",1,0.8,40,2,33,1.13333333333333
"1186",2,0.8,40,2,33,0.933333333333333
"1187",1,0.9,40,2,33,2.80434782608696
"1188",2,0.9,40,2,33,1.04347826086957
"1189",1,0.1,40,1,34,0.25
"1190",2,0.1,40,1,34,0
"1191",1,0.2,40,1,34,0.375
"1192",2,0.2,40,1,34,0
"1193",1,0.3,40,1,34,0.3125
"1194",2,0.3,40,1,34,0.25
"1195",1,0.4,40,1,34,0.894736842105263
"1196",2,0.4,40,1,34,0.578947368421053
"1197",1,0.5,40,1,34,0.409090909090909
"1198",2,0.5,40,1,34,0.318181818181818
"1199",1,0.6,40,1,34,1.11538461538462
"1200",2,0.6,40,1,34,0.307692307692308
"1201",1,0.7,40,1,34,0.787878787878788
"1202",2,0.7,40,1,34,0.96969696969697
"1203",1,0.8,40,1,34,2.64102564102564
"1204",2,0.8,40,1,34,1.30769230769231
"1205",1,0.9,40,1,34,2.15555555555556
"1206",2,0.9,40,1,34,1.8
"1207",1,0.1,40,2,34,0
"1208",2,0.1,40,2,34,0
"1209",1,0.2,40,2,34,0.25
"1210",2,0.2,40,2,34,0.125
"1211",1,0.3,40,2,34,0.285714285714286
"1212",2,0.3,40,2,34,0
"1213",1,0.4,40,2,34,0.4
"1214",2,0.4,40,2,34,0.3
"1215",1,0.5,40,2,34,0.347826086956522
"1216",2,0.5,40,2,34,0.217391304347826
"1217",1,0.6,40,2,34,0.592592592592593
"1218",2,0.6,40,2,34,0.481481481481481
"1219",1,0.7,40,2,34,0.972972972972973
"1220",2,0.7,40,2,34,0.891891891891892
"1221",1,0.8,40,2,34,1.725
"1222",2,0.8,40,2,34,0.75
"1223",1,0.9,40,2,34,2.28888888888889
"1224",2,0.9,40,2,34,1.22222222222222
"1225",1,0.1,40,1,35,0
"1226",2,0.1,40,1,35,0.25
"1227",1,0.2,40,1,35,0.25
"1228",2,0.2,40,1,35,0.125
"1229",1,0.3,40,1,35,0.384615384615385
"1230",2,0.3,40,1,35,0.461538461538462
"1231",1,0.4,40,1,35,0.375
"1232",2,0.4,40,1,35,0.1875
"1233",1,0.5,40,1,35,1.09090909090909
"1234",2,0.5,40,1,35,0.590909090909091
"1235",1,0.6,40,1,35,0.818181818181818
"1236",2,0.6,40,1,35,0.515151515151515
"1237",1,0.7,40,1,35,1.65625
"1238",2,0.7,40,1,35,0.59375
"1239",1,0.8,40,1,35,1.1219512195122
"1240",2,0.8,40,1,35,1.26829268292683
"1241",1,0.9,40,1,35,1.82608695652174
"1242",2,0.9,40,1,35,2.19565217391304
"1243",1,0.1,40,2,35,0
"1244",2,0.1,40,2,35,0
"1245",1,0.2,40,2,35,0.1
"1246",2,0.2,40,2,35,0
"1247",1,0.3,40,2,35,0.133333333333333
"1248",2,0.3,40,2,35,0.0666666666666667
"1249",1,0.4,40,2,35,0.421052631578947
"1250",2,0.4,40,2,35,0.0526315789473684
"1251",1,0.5,40,2,35,0.571428571428571
"1252",2,0.5,40,2,35,0.142857142857143
"1253",1,0.6,40,2,35,0.52
"1254",2,0.6,40,2,35,0.76
"1255",1,0.7,40,2,35,0.909090909090909
"1256",2,0.7,40,2,35,0.545454545454545
"1257",1,0.8,40,2,35,1.2972972972973
"1258",2,0.8,40,2,35,0.810810810810811
"1259",1,0.9,40,2,35,1.71428571428571
"1260",2,0.9,40,2,35,2.04081632653061
"1261",1,0.1,40,1,36,0
"1262",2,0.1,40,1,36,0
"1263",1,0.2,40,1,36,0
"1264",2,0.2,40,1,36,0
"1265",1,0.3,40,1,36,0.428571428571429
"1266",2,0.3,40,1,36,0.285714285714286
"1267",1,0.4,40,1,36,0.666666666666667
"1268",2,0.4,40,1,36,0
"1269",1,0.5,40,1,36,0.571428571428571
"1270",2,0.5,40,1,36,0.619047619047619
"1271",1,0.6,40,1,36,1.18518518518519
"1272",2,0.6,40,1,36,0.555555555555556
"1273",1,0.7,40,1,36,1.8125
"1274",2,0.7,40,1,36,1
"1275",1,0.8,40,1,36,1.525
"1276",2,0.8,40,1,36,2.3
"1277",1,0.9,40,1,36,3.26666666666667
"1278",2,0.9,40,1,36,1.68888888888889
"1279",1,0.1,40,2,36,0
"1280",2,0.1,40,2,36,0.25
"1281",1,0.2,40,2,36,0.125
"1282",2,0.2,40,2,36,0.125
"1283",1,0.3,40,2,36,0.533333333333333
"1284",2,0.3,40,2,36,0.533333333333333
"1285",1,0.4,40,2,36,0.526315789473684
"1286",2,0.4,40,2,36,0.842105263157895
"1287",1,0.5,40,2,36,0.333333333333333
"1288",2,0.5,40,2,36,0.19047619047619
"1289",1,0.6,40,2,36,0.607142857142857
"1290",2,0.6,40,2,36,0.714285714285714
"1291",1,0.7,40,2,36,0.944444444444444
"1292",2,0.7,40,2,36,0.583333333333333
"1293",1,0.8,40,2,36,2.04878048780488
"1294",2,0.8,40,2,36,0.853658536585366
"1295",1,0.9,40,2,36,1.9375
"1296",2,0.9,40,2,36,1.375
"1297",1,0.1,40,1,37,0
"1298",2,0.1,40,1,37,0
"1299",1,0.2,40,1,37,0
"1300",2,0.2,40,1,37,0.222222222222222
"1301",1,0.3,40,1,37,0.153846153846154
"1302",2,0.3,40,1,37,0.230769230769231
"1303",1,0.4,40,1,37,0.5
"1304",2,0.4,40,1,37,0.6875
"1305",1,0.5,40,1,37,0.615384615384615
"1306",2,0.5,40,1,37,0.230769230769231
"1307",1,0.6,40,1,37,0.846153846153846
"1308",2,0.6,40,1,37,0.230769230769231
"1309",1,0.7,40,1,37,1.59459459459459
"1310",2,0.7,40,1,37,0.918918918918919
"1311",1,0.8,40,1,37,1.725
"1312",2,0.8,40,1,37,1
"1313",1,0.9,40,1,37,3.16
"1314",2,0.9,40,1,37,1.96
"1315",1,0.1,40,2,37,0
"1316",2,0.1,40,2,37,0
"1317",1,0.2,40,2,37,0.25
"1318",2,0.2,40,2,37,0
"1319",1,0.3,40,2,37,0.25
"1320",2,0.3,40,2,37,0.25
"1321",1,0.4,40,2,37,0.95
"1322",2,0.4,40,2,37,0.1
"1323",1,0.5,40,2,37,0.5
"1324",2,0.5,40,2,37,0.55
"1325",1,0.6,40,2,37,1.2962962962963
"1326",2,0.6,40,2,37,0.37037037037037
"1327",1,0.7,40,2,37,1.6
"1328",2,0.7,40,2,37,0.625
"1329",1,0.8,40,2,37,1.38095238095238
"1330",2,0.8,40,2,37,0.80952380952381
"1331",1,0.9,40,2,37,1.4468085106383
"1332",2,0.9,40,2,37,1.38297872340426
"1333",1,0.1,40,1,38,0
"1334",2,0.1,40,1,38,0
"1335",1,0.2,40,1,38,0
"1336",2,0.2,40,1,38,0.375
"1337",1,0.3,40,1,38,0.307692307692308
"1338",2,0.3,40,1,38,0.461538461538462
"1339",1,0.4,40,1,38,0.428571428571429
"1340",2,0.4,40,1,38,0.142857142857143
"1341",1,0.5,40,1,38,1
"1342",2,0.5,40,1,38,0.142857142857143
"1343",1,0.6,40,1,38,1.03448275862069
"1344",2,0.6,40,1,38,0.241379310344828
"1345",1,0.7,40,1,38,2.08333333333333
"1346",2,0.7,40,1,38,1.02777777777778
"1347",1,0.8,40,1,38,1.66666666666667
"1348",2,0.8,40,1,38,0.743589743589744
"1349",1,0.9,40,1,38,2.90909090909091
"1350",2,0.9,40,1,38,1.84090909090909
"1351",1,0.1,40,2,38,0
"1352",2,0.1,40,2,38,0
"1353",1,0.2,40,2,38,0
"1354",2,0.2,40,2,38,0
"1355",1,0.3,40,2,38,0.352941176470588
"1356",2,0.3,40,2,38,0.0588235294117647
"1357",1,0.4,40,2,38,0.157894736842105
"1358",2,0.4,40,2,38,0.210526315789474
"1359",1,0.5,40,2,38,0.875
"1360",2,0.5,40,2,38,0.333333333333333
"1361",1,0.6,40,2,38,0.925925925925926
"1362",2,0.6,40,2,38,0.518518518518518
"1363",1,0.7,40,2,38,1
"1364",2,0.7,40,2,38,0.529411764705882
"1365",1,0.8,40,2,38,1.39473684210526
"1366",2,0.8,40,2,38,0.763157894736842
"1367",1,0.9,40,2,38,1.54761904761905
"1368",2,0.9,40,2,38,1.54761904761905
"1369",1,0.1,40,1,39,0
"1370",2,0.1,40,1,39,0
"1371",1,0.2,40,1,39,0
"1372",2,0.2,40,1,39,0
"1373",1,0.3,40,1,39,0.411764705882353
"1374",2,0.3,40,1,39,0.352941176470588
"1375",1,0.4,40,1,39,0.25
"1376",2,0.4,40,1,39,0.3125
"1377",1,0.5,40,1,39,0.538461538461538
"1378",2,0.5,40,1,39,0.230769230769231
"1379",1,0.6,40,1,39,0.296296296296296
"1380",2,0.6,40,1,39,0.444444444444444
"1381",1,0.7,40,1,39,1.06060606060606
"1382",2,0.7,40,1,39,1.27272727272727
"1383",1,0.8,40,1,39,1.90697674418605
"1384",2,0.8,40,1,39,0.976744186046512
"1385",1,0.9,40,1,39,1.71428571428571
"1386",2,0.9,40,1,39,1.81632653061224
"1387",1,0.1,40,2,39,0
"1388",2,0.1,40,2,39,0.25
"1389",1,0.2,40,2,39,0.25
"1390",2,0.2,40,2,39,0
"1391",1,0.3,40,2,39,0.466666666666667
"1392",2,0.3,40,2,39,0.4
"1393",1,0.4,40,2,39,0.421052631578947
"1394",2,0.4,40,2,39,0.473684210526316
"1395",1,0.5,40,2,39,0.380952380952381
"1396",2,0.5,40,2,39,0.0952380952380952
"1397",1,0.6,40,2,39,1.03448275862069
"1398",2,0.6,40,2,39,0.827586206896552
"1399",1,0.7,40,2,39,1.28947368421053
"1400",2,0.7,40,2,39,0.447368421052632
"1401",1,0.8,40,2,39,1.68292682926829
"1402",2,0.8,40,2,39,1.53658536585366
"1403",1,0.9,40,2,39,1.75
"1404",2,0.9,40,2,39,1.63636363636364
"1405",1,0.1,40,1,40,0.25
"1406",2,0.1,40,1,40,0
"1407",1,0.2,40,1,40,0.5
"1408",2,0.2,40,1,40,0.25
"1409",1,0.3,40,1,40,0.230769230769231
"1410",2,0.3,40,1,40,0.384615384615385
"1411",1,0.4,40,1,40,1.41176470588235
"1412",2,0.4,40,1,40,0.352941176470588
"1413",1,0.5,40,1,40,0.85
"1414",2,0.5,40,1,40,0.15
"1415",1,0.6,40,1,40,0.517241379310345
"1416",2,0.6,40,1,40,0.344827586206897
"1417",1,0.7,40,1,40,1.075
"1418",2,0.7,40,1,40,0.75
"1419",1,0.8,40,1,40,1.43243243243243
"1420",2,0.8,40,1,40,1.81081081081081
"1421",1,0.9,40,1,40,3.08695652173913
"1422",2,0.9,40,1,40,0.717391304347826
"1423",1,0.1,40,2,40,0
"1424",2,0.1,40,2,40,0
"1425",1,0.2,40,2,40,0
"1426",2,0.2,40,2,40,0
"1427",1,0.3,40,2,40,0.2
"1428",2,0.3,40,2,40,0.266666666666667
"1429",1,0.4,40,2,40,0.473684210526316
"1430",2,0.4,40,2,40,0.368421052631579
"1431",1,0.5,40,2,40,0.681818181818182
"1432",2,0.5,40,2,40,0.409090909090909
"1433",1,0.6,40,2,40,0.666666666666667
"1434",2,0.6,40,2,40,0.666666666666667
"1435",1,0.7,40,2,40,1.81081081081081
"1436",2,0.7,40,2,40,0.594594594594595
"1437",1,0.8,40,2,40,1.36585365853659
"1438",2,0.8,40,2,40,1
"1439",1,0.9,40,2,40,2.125
"1440",2,0.9,40,2,40,1.2
"1441",1,0.1,40,1,41,0
"1442",2,0.1,40,1,41,0
"1443",1,0.2,40,1,41,0
"1444",2,0.2,40,1,41,0.444444444444444
"1445",1,0.3,40,1,41,0.333333333333333
"1446",2,0.3,40,1,41,0.733333333333333
"1447",1,0.4,40,1,41,0.368421052631579
"1448",2,0.4,40,1,41,0.315789473684211
"1449",1,0.5,40,1,41,0.727272727272727
"1450",2,0.5,40,1,41,0.363636363636364
"1451",1,0.6,40,1,41,0.444444444444444
"1452",2,0.6,40,1,41,0.333333333333333
"1453",1,0.7,40,1,41,0.742857142857143
"1454",2,0.7,40,1,41,0.857142857142857
"1455",1,0.8,40,1,41,2.65
"1456",2,0.8,40,1,41,1.75
"1457",1,0.9,40,1,41,1.60975609756098
"1458",2,0.9,40,1,41,1.53658536585366
"1459",1,0.1,40,2,41,0
"1460",2,0.1,40,2,41,0
"1461",1,0.2,40,2,41,0.181818181818182
"1462",2,0.2,40,2,41,0
"1463",1,0.3,40,2,41,0.235294117647059
"1464",2,0.3,40,2,41,0.294117647058824
"1465",1,0.4,40,2,41,0.111111111111111
"1466",2,0.4,40,2,41,0.277777777777778
"1467",1,0.5,40,2,41,0.136363636363636
"1468",2,0.5,40,2,41,0.363636363636364
"1469",1,0.6,40,2,41,1.16666666666667
"1470",2,0.6,40,2,41,0.3
"1471",1,0.7,40,2,41,0.805555555555556
"1472",2,0.7,40,2,41,0.361111111111111
"1473",1,0.8,40,2,41,1.52272727272727
"1474",2,0.8,40,2,41,0.522727272727273
"1475",1,0.9,40,2,41,3.01923076923077
"1476",2,0.9,40,2,41,1.38461538461538
"1477",1,0.1,40,1,42,0.25
"1478",2,0.1,40,1,42,0
"1479",1,0.2,40,1,42,0.125
"1480",2,0.2,40,1,42,0.125
"1481",1,0.3,40,1,42,0.538461538461538
"1482",2,0.3,40,1,42,0.307692307692308
"1483",1,0.4,40,1,42,0.1875
"1484",2,0.4,40,1,42,0.375
"1485",1,0.5,40,1,42,0.666666666666667
"1486",2,0.5,40,1,42,0.416666666666667
"1487",1,0.6,40,1,42,1.34615384615385
"1488",2,0.6,40,1,42,0.307692307692308
"1489",1,0.7,40,1,42,1.47058823529412
"1490",2,0.7,40,1,42,0.647058823529412
"1491",1,0.8,40,1,42,1.33333333333333
"1492",2,0.8,40,1,42,1.51282051282051
"1493",1,0.9,40,1,42,2.14634146341463
"1494",2,0.9,40,1,42,2.14634146341463
"1495",1,0.1,40,2,42,0
"1496",2,0.1,40,2,42,0
"1497",1,0.2,40,2,42,0.0909090909090909
"1498",2,0.2,40,2,42,0.181818181818182
"1499",1,0.3,40,2,42,0.4
"1500",2,0.3,40,2,42,0.2
"1501",1,0.4,40,2,42,0.315789473684211
"1502",2,0.4,40,2,42,0.210526315789474
"1503",1,0.5,40,2,42,0.208333333333333
"1504",2,0.5,40,2,42,0.375
"1505",1,0.6,40,2,42,0.592592592592593
"1506",2,0.6,40,2,42,0.37037037037037
"1507",1,0.7,40,2,42,1.13888888888889
"1508",2,0.7,40,2,42,0.361111111111111
"1509",1,0.8,40,2,42,1.425
"1510",2,0.8,40,2,42,2
"1511",1,0.9,40,2,42,4.59090909090909
"1512",2,0.9,40,2,42,1.20454545454545
"1513",1,0.1,40,1,43,0.25
"1514",2,0.1,40,1,43,0
"1515",1,0.2,40,1,43,0.125
"1516",2,0.2,40,1,43,0
"1517",1,0.3,40,1,43,0.214285714285714
"1518",2,0.3,40,1,43,0.142857142857143
"1519",1,0.4,40,1,43,0.777777777777778
"1520",2,0.4,40,1,43,0.333333333333333
"1521",1,0.5,40,1,43,1.2
"1522",2,0.5,40,1,43,0.16
"1523",1,0.6,40,1,43,1.2962962962963
"1524",2,0.6,40,1,43,0.962962962962963
"1525",1,0.7,40,1,43,1.45945945945946
"1526",2,0.7,40,1,43,1.02702702702703
"1527",1,0.8,40,1,43,2.23076923076923
"1528",2,0.8,40,1,43,1.84615384615385
"1529",1,0.9,40,1,43,1.5
"1530",2,0.9,40,1,43,1.02272727272727
"1531",1,0.1,40,2,43,0
"1532",2,0.1,40,2,43,0
"1533",1,0.2,40,2,43,0
"1534",2,0.2,40,2,43,0.555555555555556
"1535",1,0.3,40,2,43,0.266666666666667
"1536",2,0.3,40,2,43,0.133333333333333
"1537",1,0.4,40,2,43,0.352941176470588
"1538",2,0.4,40,2,43,0.0588235294117647
"1539",1,0.5,40,2,43,0.523809523809524
"1540",2,0.5,40,2,43,0.80952380952381
"1541",1,0.6,40,2,43,0.517241379310345
"1542",2,0.6,40,2,43,0.310344827586207
"1543",1,0.7,40,2,43,0.756756756756757
"1544",2,0.7,40,2,43,1.02702702702703
"1545",1,0.8,40,2,43,1.67567567567568
"1546",2,0.8,40,2,43,1.32432432432432
"1547",1,0.9,40,2,43,3.5
"1548",2,0.9,40,2,43,1.80769230769231
"1549",1,0.1,40,1,44,0
"1550",2,0.1,40,1,44,0
"1551",1,0.2,40,1,44,0
"1552",2,0.2,40,1,44,0
"1553",1,0.3,40,1,44,0.357142857142857
"1554",2,0.3,40,1,44,0.142857142857143
"1555",1,0.4,40,1,44,0.75
"1556",2,0.4,40,1,44,0.3125
"1557",1,0.5,40,1,44,0.45
"1558",2,0.5,40,1,44,0.3
"1559",1,0.6,40,1,44,1.62962962962963
"1560",2,0.6,40,1,44,0.481481481481481
"1561",1,0.7,40,1,44,1.47058823529412
"1562",2,0.7,40,1,44,1.55882352941176
"1563",1,0.8,40,1,44,1.48780487804878
"1564",2,0.8,40,1,44,2.04878048780488
"1565",1,0.9,40,1,44,1.12820512820513
"1566",2,0.9,40,1,44,1.33333333333333
"1567",1,0.1,40,2,44,0.5
"1568",2,0.1,40,2,44,0
"1569",1,0.2,40,2,44,0.222222222222222
"1570",2,0.2,40,2,44,0.111111111111111
"1571",1,0.3,40,2,44,0.533333333333333
"1572",2,0.3,40,2,44,0.533333333333333
"1573",1,0.4,40,2,44,0.1875
"1574",2,0.4,40,2,44,0.0625
"1575",1,0.5,40,2,44,1.0952380952381
"1576",2,0.5,40,2,44,0.238095238095238
"1577",1,0.6,40,2,44,0.545454545454545
"1578",2,0.6,40,2,44,0.545454545454545
"1579",1,0.7,40,2,44,1
"1580",2,0.7,40,2,44,0.947368421052632
"1581",1,0.8,40,2,44,1.18918918918919
"1582",2,0.8,40,2,44,0.837837837837838
"1583",1,0.9,40,2,44,3.14893617021277
"1584",2,0.9,40,2,44,2.29787234042553
"1585",1,0.1,40,1,45,0
"1586",2,0.1,40,1,45,0
"1587",1,0.2,40,1,45,0.222222222222222
"1588",2,0.2,40,1,45,0
"1589",1,0.3,40,1,45,0.0769230769230769
"1590",2,0.3,40,1,45,0.230769230769231
"1591",1,0.4,40,1,45,0.647058823529412
"1592",2,0.4,40,1,45,0.764705882352941
"1593",1,0.5,40,1,45,0.24
"1594",2,0.5,40,1,45,0.44
"1595",1,0.6,40,1,45,0.821428571428571
"1596",2,0.6,40,1,45,0.535714285714286
"1597",1,0.7,40,1,45,1.94285714285714
"1598",2,0.7,40,1,45,1.4
"1599",1,0.8,40,1,45,2.075
"1600",2,0.8,40,1,45,0.6
"1601",1,0.9,40,1,45,1.2
"1602",2,0.9,40,1,45,2.35
"1603",1,0.1,40,2,45,0
"1604",2,0.1,40,2,45,0
"1605",1,0.2,40,2,45,0.2
"1606",2,0.2,40,2,45,0.1
"1607",1,0.3,40,2,45,0.625
"1608",2,0.3,40,2,45,0.0625
"1609",1,0.4,40,2,45,0.526315789473684
"1610",2,0.4,40,2,45,0.473684210526316
"1611",1,0.5,40,2,45,0.476190476190476
"1612",2,0.5,40,2,45,0.285714285714286
"1613",1,0.6,40,2,45,0.857142857142857
"1614",2,0.6,40,2,45,0.357142857142857
"1615",1,0.7,40,2,45,0.925
"1616",2,0.7,40,2,45,0.35
"1617",1,0.8,40,2,45,1.28205128205128
"1618",2,0.8,40,2,45,0.871794871794872
"1619",1,0.9,40,2,45,3.84782608695652
"1620",2,0.9,40,2,45,1.47826086956522
"1621",1,0.1,40,1,46,0
"1622",2,0.1,40,1,46,0
"1623",1,0.2,40,1,46,0.125
"1624",2,0.2,40,1,46,0.125
"1625",1,0.3,40,1,46,0.529411764705882
"1626",2,0.3,40,1,46,0.117647058823529
"1627",1,0.4,40,1,46,0.619047619047619
"1628",2,0.4,40,1,46,0.0952380952380952
"1629",1,0.5,40,1,46,1.08695652173913
"1630",2,0.5,40,1,46,0.391304347826087
"1631",1,0.6,40,1,46,1
"1632",2,0.6,40,1,46,0.354838709677419
"1633",1,0.7,40,1,46,1
"1634",2,0.7,40,1,46,0.694444444444444
"1635",1,0.8,40,1,46,0.914285714285714
"1636",2,0.8,40,1,46,1.37142857142857
"1637",1,0.9,40,1,46,1.23809523809524
"1638",2,0.9,40,1,46,0.880952380952381
"1639",1,0.1,40,2,46,0.2
"1640",2,0.1,40,2,46,0
"1641",1,0.2,40,2,46,0.222222222222222
"1642",2,0.2,40,2,46,0.111111111111111
"1643",1,0.3,40,2,46,0
"1644",2,0.3,40,2,46,0.133333333333333
"1645",1,0.4,40,2,46,0.0588235294117647
"1646",2,0.4,40,2,46,0.117647058823529
"1647",1,0.5,40,2,46,1.07692307692308
"1648",2,0.5,40,2,46,0.5
"1649",1,0.6,40,2,46,1.07407407407407
"1650",2,0.6,40,2,46,0.592592592592593
"1651",1,0.7,40,2,46,1.72972972972973
"1652",2,0.7,40,2,46,1.2972972972973
"1653",1,0.8,40,2,46,2.6304347826087
"1654",2,0.8,40,2,46,1.17391304347826
"1655",1,0.9,40,2,46,3.77083333333333
"1656",2,0.9,40,2,46,1.60416666666667
"1657",1,0.1,40,1,47,0
"1658",2,0.1,40,1,47,0
"1659",1,0.2,40,1,47,0.125
"1660",2,0.2,40,1,47,0
"1661",1,0.3,40,1,47,0.538461538461538
"1662",2,0.3,40,1,47,0.230769230769231
"1663",1,0.4,40,1,47,0.6875
"1664",2,0.4,40,1,47,0.125
"1665",1,0.5,40,1,47,0.545454545454545
"1666",2,0.5,40,1,47,0.136363636363636
"1667",1,0.6,40,1,47,0.708333333333333
"1668",2,0.6,40,1,47,1.16666666666667
"1669",1,0.7,40,1,47,1.11428571428571
"1670",2,0.7,40,1,47,0.857142857142857
"1671",1,0.8,40,1,47,1.11764705882353
"1672",2,0.8,40,1,47,1.11764705882353
"1673",1,0.9,40,1,47,2.5952380952381
"1674",2,0.9,40,1,47,1.38095238095238
"1675",1,0.1,40,2,47,0.25
"1676",2,0.1,40,2,47,0
"1677",1,0.2,40,2,47,0
"1678",2,0.2,40,2,47,0.0909090909090909
"1679",1,0.3,40,2,47,0.333333333333333
"1680",2,0.3,40,2,47,0.133333333333333
"1681",1,0.4,40,2,47,0.789473684210526
"1682",2,0.4,40,2,47,0.263157894736842
"1683",1,0.5,40,2,47,0.958333333333333
"1684",2,0.5,40,2,47,0.416666666666667
"1685",1,0.6,40,2,47,0.5
"1686",2,0.6,40,2,47,0.1875
"1687",1,0.7,40,2,47,1.15151515151515
"1688",2,0.7,40,2,47,0.636363636363636
"1689",1,0.8,40,2,47,2.60526315789474
"1690",2,0.8,40,2,47,0.605263157894737
"1691",1,0.9,40,2,47,2.95652173913043
"1692",2,0.9,40,2,47,1.65217391304348
"1693",1,0.1,40,1,48,0
"1694",2,0.1,40,1,48,0
"1695",1,0.2,40,1,48,0
"1696",2,0.2,40,1,48,0
"1697",1,0.3,40,1,48,0.384615384615385
"1698",2,0.3,40,1,48,0.0769230769230769
"1699",1,0.4,40,1,48,0.428571428571429
"1700",2,0.4,40,1,48,0.238095238095238
"1701",1,0.5,40,1,48,0.434782608695652
"1702",2,0.5,40,1,48,0.347826086956522
"1703",1,0.6,40,1,48,1.06451612903226
"1704",2,0.6,40,1,48,0.354838709677419
"1705",1,0.7,40,1,48,1.48648648648649
"1706",2,0.7,40,1,48,1.35135135135135
"1707",1,0.8,40,1,48,0.775
"1708",2,0.8,40,1,48,0.75
"1709",1,0.9,40,1,48,2.79545454545455
"1710",2,0.9,40,1,48,1.68181818181818
"1711",1,0.1,40,2,48,0
"1712",2,0.1,40,2,48,0
"1713",1,0.2,40,2,48,0.125
"1714",2,0.2,40,2,48,0.25
"1715",1,0.3,40,2,48,0.285714285714286
"1716",2,0.3,40,2,48,0.142857142857143
"1717",1,0.4,40,2,48,0.235294117647059
"1718",2,0.4,40,2,48,0.117647058823529
"1719",1,0.5,40,2,48,0.652173913043478
"1720",2,0.5,40,2,48,0.130434782608696
"1721",1,0.6,40,2,48,1.06896551724138
"1722",2,0.6,40,2,48,0.448275862068966
"1723",1,0.7,40,2,48,1.09090909090909
"1724",2,0.7,40,2,48,0.757575757575758
"1725",1,0.8,40,2,48,2.02439024390244
"1726",2,0.8,40,2,48,1.36585365853659
"1727",1,0.9,40,2,48,3.76595744680851
"1728",2,0.9,40,2,48,1.61702127659574
"1729",1,0.1,40,1,49,0
"1730",2,0.1,40,1,49,0
"1731",1,0.2,40,1,49,0
"1732",2,0.2,40,1,49,0.25
"1733",1,0.3,40,1,49,0.4
"1734",2,0.3,40,1,49,0.4
"1735",1,0.4,40,1,49,0.411764705882353
"1736",2,0.4,40,1,49,0
"1737",1,0.5,40,1,49,0.545454545454545
"1738",2,0.5,40,1,49,0.363636363636364
"1739",1,0.6,40,1,49,0.538461538461538
"1740",2,0.6,40,1,49,0.692307692307692
"1741",1,0.7,40,1,49,2
"1742",2,0.7,40,1,49,0.459459459459459
"1743",1,0.8,40,1,49,0.8
"1744",2,0.8,40,1,49,0.685714285714286
"1745",1,0.9,40,1,49,2.09756097560976
"1746",2,0.9,40,1,49,1.78048780487805
"1747",1,0.1,40,2,49,0
"1748",2,0.1,40,2,49,0
"1749",1,0.2,40,2,49,0.1
"1750",2,0.2,40,2,49,0.2
"1751",1,0.3,40,2,49,0.2
"1752",2,0.3,40,2,49,0.866666666666667
"1753",1,0.4,40,2,49,0.25
"1754",2,0.4,40,2,49,0.125
"1755",1,0.5,40,2,49,0.8
"1756",2,0.5,40,2,49,0.24
"1757",1,0.6,40,2,49,0.533333333333333
"1758",2,0.6,40,2,49,0.3
"1759",1,0.7,40,2,49,0.875
"1760",2,0.7,40,2,49,0.9375
"1761",1,0.8,40,2,49,1.9047619047619
"1762",2,0.8,40,2,49,1.30952380952381
"1763",1,0.9,40,2,49,1.9047619047619
"1764",2,0.9,40,2,49,2.26190476190476
"1765",1,0.1,40,1,50,0
"1766",2,0.1,40,1,50,0
"1767",1,0.2,40,1,50,0.111111111111111
"1768",2,0.2,40,1,50,0
"1769",1,0.3,40,1,50,0.4
"1770",2,0.3,40,1,50,0.133333333333333
"1771",1,0.4,40,1,50,0.647058823529412
"1772",2,0.4,40,1,50,0.117647058823529
"1773",1,0.5,40,1,50,0.954545454545455
"1774",2,0.5,40,1,50,0.181818181818182
"1775",1,0.6,40,1,50,0.892857142857143
"1776",2,0.6,40,1,50,0.535714285714286
"1777",1,0.7,40,1,50,0.970588235294118
"1778",2,0.7,40,1,50,0.970588235294118
"1779",1,0.8,40,1,50,1.55882352941176
"1780",2,0.8,40,1,50,1.5
"1781",1,0.9,40,1,50,1.30434782608696
"1782",2,0.9,40,1,50,1.41304347826087
"1783",1,0.1,40,2,50,0
"1784",2,0.1,40,2,50,0
"1785",1,0.2,40,2,50,0.444444444444444
"1786",2,0.2,40,2,50,0.111111111111111
"1787",1,0.3,40,2,50,0.0714285714285714
"1788",2,0.3,40,2,50,0.0714285714285714
"1789",1,0.4,40,2,50,0.444444444444444
"1790",2,0.4,40,2,50,0.444444444444444
"1791",1,0.5,40,2,50,0.173913043478261
"1792",2,0.5,40,2,50,0.0869565217391304
"1793",1,0.6,40,2,50,0.607142857142857
"1794",2,0.6,40,2,50,0.214285714285714
"1795",1,0.7,40,2,50,1.94117647058824
"1796",2,0.7,40,2,50,1.08823529411765
"1797",1,0.8,40,2,50,2.60975609756098
"1798",2,0.8,40,2,50,1.21951219512195
"1799",1,0.9,40,2,50,1.97916666666667
"1800",2,0.9,40,2,50,1.54166666666667
